{
  "solubility_aqsoldb": {
    "GIN": {
      "pharma": 0.9307212233543396,
      "standard": 0.9215026497840881,
      "gain": -1.0003849226490467,
      "p": 2.349652806955514e-05,
      "sig": "***"
    },
    "DMPNN": {
      "pharma": 0.952832023302714,
      "standard": 0.9520878593126932,
      "gain": -0.07816127290583873,
      "p": 0.00011061079493786742,
      "sig": "***"
    }
  },
  "bbb_martins": {
    "GIN": {
      "pharma": 0.8021159057744424,
      "standard": 0.8105391390452366,
      "gain": -1.0392136375692145,
      "p": 0.5463064892897773,
      "sig": "ns"
    },
    "DMPNN": {
      "pharma": 0.8063568376068376,
      "standard": 0.8121547321242444,
      "gain": -0.7138903817308283,
      "p": 0.7828746793458221,
      "sig": "ns"
    }
  },
  "herg": {
    "GIN": {
      "pharma": 0.7107511045655376,
      "standard": 0.7086892488954345,
      "gain": 0.2909393183707388,
      "p": 0.9693859172755463,
      "sig": "ns"
    },
    "DMPNN": {
      "pharma": 0.7166912125675013,
      "standard": 0.6886107020127638,
      "gain": 4.077849860982425,
      "p": 0.11421565329200885,
      "sig": "ns"
    }
  },
  "caco2_wang": {
    "GIN": {
      "pharma": 0.46030064423878986,
      "standard": 0.519372969865799,
      "gain": 11.373777430556855,
      "p": 0.0025091201123104935,
      "sig": "**"
    },
    "DMPNN": {
      "pharma": 0.37021368741989136,
      "standard": 0.3859699269135793,
      "gain": 4.082245375872467,
      "p": 0.00023018053344013367,
      "sig": "***"
    }
  },
  "ld50_zhu": {
    "GIN": {
      "pharma": 0.6705750425656637,
      "standard": 0.7056897481282552,
      "gain": 4.975941007465174,
      "p": 0.0003044353192748487,
      "sig": "***"
    },
    "DMPNN": {
      "pharma": 0.6565711299578348,
      "standard": 0.6657113234202067,
      "gain": 1.3729965438190996,
      "p": 0.0005834919645658632,
      "sig": "***"
    }
  }
}