{
  "dataset": "solubility_aqsoldb",
  "stats": {
    "MW": {
      "MI": 0.1439274689648011,
      "F_stat": 279.52008949628186,
      "p_anova": 3.825024571121894e-228,
      "H_stat": 2043.369405094447,
      "p_kruskal": 0.0,
      "eta2": 0.10079079226901122,
      "per_expert": {
        "1": {
          "mean": 314.8055995846284,
          "std": 252.29385944574548,
          "n": 1904,
          "median": 250.01617317400002
        },
        "3": {
          "mean": 281.8574309348161,
          "std": 122.90779507118984,
          "n": 948,
          "median": 257.970963558
        },
        "5": {
          "mean": 313.1711564634681,
          "std": 196.14917767893303,
          "n": 3433,
          "median": 283.120843404
        },
        "6": {
          "mean": 88.52971474748857,
          "std": 30.636159873557574,
          "n": 195,
          "median": 88.052429496
        },
        "7": {
          "mean": 199.52419089116316,
          "std": 101.03916524641772,
          "n": 3500,
          "median": 179.005784964
        }
      },
      "n_valid": 9980
    },
    "LogP": {
      "MI": 0.3900105673843339,
      "F_stat": 1202.9540698622031,
      "p_anova": 0.0,
      "H_stat": 5292.0583760738955,
      "p_kruskal": 0.0,
      "eta2": 0.3254125964989792,
      "per_expert": {
        "1": {
          "mean": -0.6848344327731086,
          "std": 4.303508263595696,
          "n": 1904,
          "median": 0.16099999999999984
        },
        "3": {
          "mean": 2.73607424050633,
          "std": 2.2367914420419592,
          "n": 948,
          "median": 2.51255
        },
        "5": {
          "mean": 4.472336189921353,
          "std": 3.154207349518443,
          "n": 3433,
          "median": 3.7561000000000018
        },
        "6": {
          "mean": 0.2991881025641026,
          "std": 0.9909013679401347,
          "n": 195,
          "median": 0.40969999999999995
        },
        "7": {
          "mean": 0.8751265542857145,
          "std": 1.6041831344521242,
          "n": 3500,
          "median": 1.083
        }
      },
      "n_valid": 9980
    },
    "HBA": {
      "MI": 0.07054964571294481,
      "F_stat": 129.57938935296198,
      "p_anova": 4.6640779961136194e-108,
      "H_stat": 421.46074777426276,
      "p_kruskal": 6.408326281241579e-90,
      "eta2": 0.0493950130238591,
      "per_expert": {
        "1": {
          "mean": 4.834033613445378,
          "std": 5.643075748032256,
          "n": 1904,
          "median": 4.0
        },
        "3": {
          "mean": 3.4778481012658227,
          "std": 2.552928080231393,
          "n": 948,
          "median": 3.0
        },
        "5": {
          "mean": 2.7905621905039326,
          "std": 2.8611123610595453,
          "n": 3433,
          "median": 2.0
        },
        "6": {
          "mean": 1.5179487179487179,
          "std": 0.8963950007503116,
          "n": 195,
          "median": 1.0
        },
        "7": {
          "mean": 3.34,
          "std": 2.2949260803532896,
          "n": 3500,
          "median": 3.0
        }
      },
      "n_valid": 9980
    },
    "HBD": {
      "MI": 0.041776257646892086,
      "F_stat": 150.4224193744985,
      "p_anova": 3.873512760036015e-125,
      "H_stat": 677.9034536359651,
      "p_kruskal": 2.121058578914713e-145,
      "eta2": 0.056888279399753446,
      "per_expert": {
        "1": {
          "mean": 1.375,
          "std": 1.8598830382490148,
          "n": 1904,
          "median": 1.0
        },
        "3": {
          "mean": 0.6888185654008439,
          "std": 0.9019443816020072,
          "n": 948,
          "median": 0.0
        },
        "5": {
          "mean": 0.7180308767841538,
          "std": 1.0555574548813098,
          "n": 3433,
          "median": 0.0
        },
        "6": {
          "mean": 1.117948717948718,
          "std": 1.1238377004075504,
          "n": 195,
          "median": 1.0
        },
        "7": {
          "mean": 1.4602857142857142,
          "std": 1.6422527832467306,
          "n": 3500,
          "median": 1.0
        }
      },
      "n_valid": 9980
    },
    "TPSA": {
      "MI": 0.08924563527739028,
      "F_stat": 237.08981145205064,
      "p_anova": 8.203139149196929e-195,
      "H_stat": 869.7125089515396,
      "p_kruskal": 6.076752418237266e-187,
      "eta2": 0.08681937712266788,
      "per_expert": {
        "1": {
          "mean": 96.1945168067227,
          "std": 104.89424664328908,
          "n": 1904,
          "median": 74.6
        },
        "3": {
          "mean": 56.311181434599156,
          "std": 43.7802089517809,
          "n": 948,
          "median": 46.53
        },
        "5": {
          "mean": 44.88616953102243,
          "std": 46.08859876444822,
          "n": 3433,
          "median": 38.13
        },
        "6": {
          "mean": 30.78194871794872,
          "std": 26.315355491880336,
          "n": 195,
          "median": 24.06
        },
        "7": {
          "mean": 64.76985428571429,
          "std": 42.696372947411845,
          "n": 3500,
          "median": 58.2
        }
      },
      "n_valid": 9980
    },
    "RotBonds": {
      "MI": 0.04986137018659878,
      "F_stat": 108.31866475773174,
      "p_anova": 1.6633304048659604e-90,
      "H_stat": 333.53305787115517,
      "p_kruskal": 6.293931852103808e-71,
      "eta2": 0.041627904069094536,
      "per_expert": {
        "1": {
          "mean": 4.123949579831932,
          "std": 5.446779746869079,
          "n": 1904,
          "median": 2.0
        },
        "3": {
          "mean": 3.1856540084388185,
          "std": 3.5734199385889465,
          "n": 948,
          "median": 2.0
        },
        "5": {
          "mean": 5.52199242644917,
          "std": 7.8266350376620615,
          "n": 3433,
          "median": 4.0
        },
        "6": {
          "mean": 1.4307692307692308,
          "std": 1.484648598007648,
          "n": 195,
          "median": 1.0
        },
        "7": {
          "mean": 3.013714285714286,
          "std": 2.7088923257769144,
          "n": 3500,
          "median": 2.0
        }
      },
      "n_valid": 9980
    },
    "Rings": {
      "MI": 0.12888072058613337,
      "F_stat": 208.08285587301015,
      "p_anova": 9.836290598835445e-172,
      "H_stat": 1193.9416292836002,
      "p_kruskal": 3.2775500439616805e-257,
      "eta2": 0.07701544357960476,
      "per_expert": {
        "1": {
          "mean": 1.5089285714285714,
          "std": 2.086351230517727,
          "n": 1904,
          "median": 0.0
        },
        "3": {
          "mean": 1.3734177215189873,
          "std": 1.066269437465243,
          "n": 948,
          "median": 1.0
        },
        "5": {
          "mean": 2.075735508301777,
          "std": 1.7019641133818297,
          "n": 3433,
          "median": 2.0
        },
        "6": {
          "mean": 0.2153846153846154,
          "std": 0.4110888989503812,
          "n": 195,
          "median": 0.0
        },
        "7": {
          "mean": 1.082857142857143,
          "std": 1.2651336946371015,
          "n": 3500,
          "median": 1.0
        }
      },
      "n_valid": 9980
    },
    "ArRings": {
      "MI": 0.10970729168675505,
      "F_stat": 284.61244520038167,
      "p_anova": 4.130112832096184e-232,
      "H_stat": 1291.3893002038544,
      "p_kruskal": 2.4494903590992304e-278,
      "eta2": 0.10243891890060972,
      "per_expert": {
        "1": {
          "mean": 0.9789915966386554,
          "std": 1.5866366281683246,
          "n": 1904,
          "median": 0.0
        },
        "3": {
          "mean": 0.9978902953586498,
          "std": 0.7420434357493714,
          "n": 948,
          "median": 1.0
        },
        "5": {
          "mean": 1.5942324497524032,
          "std": 1.513678366450235,
          "n": 3433,
          "median": 2.0
        },
        "6": {
          "mean": 0.041025641025641026,