{
  "dataset": "caco2_wang",
  "stats": {
    "MW": {
      "MI": 0.1088801673346585,
      "F_stat": 25.906906703785076,
      "p_anova": 2.354365985785194e-20,
      "H_stat": 89.55907389331128,
      "p_kruskal": 1.6336747528452643e-18,
      "eta2": 0.10274121396253698,
      "per_expert": {
        "0": {
          "mean": 343.9950073122008,
          "std": 131.45668906345986,
          "n": 259,
          "median": 324.183778008
        },
        "6": {
          "mean": 515.119066960387,
          "std": 191.63714284792033,
          "n": 62,
          "median": 491.3554569779999
        },
        "12": {
          "mean": 432.0010788778194,
          "std": 140.84415653395487,
          "n": 233,
          "median": 454.28315769599993
        },
        "13": {
          "mean": 445.6789715273096,
          "std": 166.65205809269523,
          "n": 281,
          "median": 440.238332744
        },
        "15": {
          "mean": 401.2679486276533,
          "std": 94.51368263361321,
          "n": 75,
          "median": 392.0851598400001
        }
      },
      "n_valid": 910
    },
    "LogP": {
      "MI": 0.11485868919911335,
      "F_stat": 40.183306196935895,
      "p_anova": 5.163291789616064e-31,
      "H_stat": 116.3180077511809,
      "p_kruskal": 3.2650241396589735e-24,
      "eta2": 0.15081938054409066,
      "per_expert": {
        "0": {
          "mean": 2.806340154440156,
          "std": 1.7423895310872517,
          "n": 259,
          "median": 2.9662000000000006
        },
        "6": {
          "mean": 1.5794848387096794,
          "std": 2.4349547136801872,
          "n": 62,
          "median": 1.8212499999999996
        },
        "12": {
          "mean": 2.5931935622317615,
          "std": 1.5182898281781105,
          "n": 233,
          "median": 2.815170000000001
        },
        "13": {
          "mean": 0.9755910320284725,
          "std": 2.498895461097979,
          "n": 281,
          "median": 1.2352000000000007
        },
        "15": {
          "mean": 3.1372065333333343,
          "std": 1.3927854986737858,
          "n": 75,
          "median": 2.9907200000000014
        }
      },
      "n_valid": 910
    },
    "HBA": {
      "MI": 0.12417120894495093,
      "F_stat": 40.25065948552775,
      "p_anova": 4.611716010063571e-31,
      "H_stat": 103.2369659590769,
      "p_kruskal": 2.0114813059985126e-21,
      "eta2": 0.1510339958003502,
      "per_expert": {
        "0": {
          "mean": 4.444015444015444,
          "std": 2.3546046434143695,
          "n": 259,
          "median": 4.0
        },
        "6": {
          "mean": 8.64516129032258,
          "std": 5.105647645226925,
          "n": 62,
          "median": 7.0
        },
        "12": {
          "mean": 5.214592274678112,
          "std": 1.7174569310916976,
          "n": 233,
          "median": 5.0
        },
        "13": {
          "mean": 6.355871886120997,
          "std": 2.9093130686864104,
          "n": 281,
          "median": 6.0
        },
        "15": {
          "mean": 5.306666666666667,
          "std": 1.5997777623435354,
          "n": 75,
          "median": 5.0
        }
      },
      "n_valid": 910
    },
    "HBD": {
      "MI": 0.11068874924918892,
      "F_stat": 36.91145991666797,
      "p_anova": 1.288540270224917e-28,
      "H_stat": 130.05228383583892,
      "p_kruskal": 3.7950832455330416e-27,
      "eta2": 0.14026164746295405,
      "per_expert": {
        "0": {
          "mean": 1.5907335907335907,
          "std": 1.5702565521120468,
          "n": 259,
          "median": 1.0
        },
        "6": {
          "mean": 4.338709677419355,
          "std": 3.05299191374465,
          "n": 62,
          "median": 4.0
        },
        "12": {
          "mean": 2.5836909871244633,
          "std": 1.6735996333762815,
          "n": 233,
          "median": 2.0
        },
        "13": {
          "mean": 2.8967971530249113,
          "std": 2.1040607387395123,
          "n": 281,
          "median": 3.0
        },
        "15": {
          "mean": 1.68,
          "std": 0.8665640964945025,
          "n": 75,
          "median": 2.0
        }
      },
      "n_valid": 910
    },
    "TPSA": {
      "MI": 0.19963466354180315,
      "F_stat": 58.09666711920746,
      "p_anova": 1.136699253024834e-43,
      "H_stat": 191.6015397809855,
      "p_kruskal": 2.3995681338532297e-40,
      "eta2": 0.2043163287539131,
      "per_expert": {
        "0": {
          "mean": 69.27003861003861,
          "std": 41.950171835010714,
          "n": 259,
          "median": 63.33
        },
        "6": {
          "mean": 140.4183870967742,
          "std": 78.20587590731786,
          "n": 62,
          "median": 127.45000000000002
        },
        "12": {
          "mean": 104.04836909871244,
          "std": 39.70031645911522,
          "n": 233,
          "median": 97.97
        },
        "13": {
          "mean": 125.3746975088968,
          "std": 53.28361382054361,
          "n": 281,
          "median": 131.99
        },
        "15": {
          "mean": 95.27306666666667,
          "std": 26.0609300920405,
          "n": 75,
          "median": 95.32000000000001
        }
      },
      "n_valid": 910
    },
    "RotBonds": {
      "MI": 0.1510715142005403,
      "F_stat": 31.204900050243445,
      "p_anova": 2.2701137325987573e-24,
      "H_stat": 116.94820791235092,
      "p_kruskal": 2.3952300148791557e-24,
      "eta2": 0.12120530642125542,
      "per_expert": {
        "0": {
          "mean": 3.857142857142857,
          "std": 2.8554048768046654,
          "n": 259,
          "median": 3.0
        },
        "6": {
          "mean": 4.903225806451613,
          "std": 3.0780685052813546,
          "n": 62,
          "median": 5.0
        },
        "12": {
          "mean": 7.463519313304721,
          "std": 3.731285154204582,
          "n": 233,
          "median": 8.0
        },
        "13": {
          "mean": 6.327402135231317,
          "std": 4.696435766564005,
          "n": 281,
          "median": 6.0
        },
        "15": {
          "mean": 5.466666666666667,
          "std": 2.8110891523077353,
          "n": 75,
          "median": 5.0
        }
      },
      "n_valid": 910
    },
    "Rings": {
      "MI": 0.11305698089617376,
      "F_stat": 18.411737069760658,
      "p_anova": 1.4788139316230368e-14,
      "H_stat": 80.24842787692093,
      "p_kruskal": 1.5430247977641343e-16,
      "eta2": 0.07525384757858923,
      "per_expert": {
        "0": {
          "mean": 3.471042471042471,
          "std": 1.4339146656849844,
          "n": 259,
          "median": 3.0
        },
        "6": {
          "mean": 4.419354838709677,
          "std": 1.4978305504830838,
          "n": 62,
          "median": 4.0
        },
        "12": {
          "mean": 3.2017167381974247,
          "std": 1.4671207873727683,
          "n": 233,
          "median": 3.0
        },
        "13": {
          "mean": 2.6903914590747333,
          "std": 1.922024489587669,
          "n": 281,
          "median": 2.0
        },
        "15": {
          "mean": 3.12,
          "std": 0.8787870428418177,
          "n": 75,
          "median": 3.0
        }
      },
      "n_valid": 910
    },
    "ArRings": {
      "MI": 0.24041915215651474,
      "F_stat": 108.78381013813316,
      "p_anova": 1.0441626966014344e-75,
      "H_stat": 289.0356911052653,
      "p_kruskal": 2.5096513746647794e-61,
      "eta2": 0.3246950213570444,
      "per_expert": {
        "0": {
          "mean": 2.382239382239382,
          "std": 0.8724843620381759,
          "n": 259,
          "median": 2.0
        },
        "6": {
          "mean": 0.7258064516129032,
          "std": 1.0186859790089116,
          "n": 62,
          "median": 0.0
        },
        "12": {
          "mean": 2.227467811158798,
          "std": 0.8909275824209197,
          "n": 233,
          "median": 2.0
        },