{
  "datasets_analysed": [
    "solubility_aqsoldb",
    "caco2_wang",
    "lipophilicity_astrazeneca",
    "ld50_zhu",
    "ppbr_az"
  ],
  "datasets_collapsed": [],
  "cross_dataset_eta2": {
    "MW": [
      0.10079079226901122,
      0.10274121396253698,
      0.005822577957680663,
      0.10968117246053515
    ],
    "LogP": [
      0.3254125964989792,
      0.15081938054409066,
      0.05065877524046224,
      0.14236517884556013
    ],
    "HBA": [
      0.0493950130238591,
      0.1510339958003502,
      0.016402411596430015,
      0.15228950527802004
    ],
    "HBD": [
      0.056888279399753446,
      0.14026164746295405,
      0.0008180188029011513,
      0.028566756278606123
    ],
    "TPSA": [
      0.08681937712266788,
      0.2043163287539131,
      0.023069040576146987,
      0.104514217128492
    ],
    "RotBonds": [
      0.041627904069094536,
      0.12120530642125542,
      0.01916217749585009,
      0.16926708626492792
    ],
    "Rings": [
      0.07701544357960476,
      0.07525384757858923,
      0.01687152583870064,
      0.2913514593660499
    ],
    "ArRings": [
      0.10243891890060972,
      0.3246950213570444,
      0.0930081756569572,
      0.44479293775545475
    ]
  },
  "per_dataset": {
    "solubility_aqsoldb": {
      "n_molecules": 9980,
      "collapsed": false,
      "stats": {
        "MW": {
          "eta2": 0.10079079226901122,
          "p_anova": 3.825024571121894e-228,
          "MI": 0.1439274689648011
        },
        "LogP": {
          "eta2": 0.3254125964989792,
          "p_anova": 0.0,
          "MI": 0.3900105673843339
        },
        "HBA": {
          "eta2": 0.0493950130238591,
          "p_anova": 4.6640779961136194e-108,
          "MI": 0.07054964571294481
        },
        "HBD": {
          "eta2": 0.056888279399753446,
          "p_anova": 3.873512760036015e-125,
          "MI": 0.041776257646892086
        },
        "TPSA": {
          "eta2": 0.08681937712266788,
          "p_anova": 8.203139149196929e-195,
          "MI": 0.08924563527739028
        },
        "RotBonds": {
          "eta2": 0.041627904069094536,
          "p_anova": 1.6633304048659604e-90,
          "MI": 0.04986137018659878
        },
        "Rings": {
          "eta2": 0.07701544357960476,
          "p_anova": 9.836290598835445e-172,
          "MI": 0.12888072058613337
        },
        "ArRings": {
          "eta2": 0.10243891890060972,
          "p_anova": 4.130112832096184e-232,
          "MI": 0.10970729168675505
        }
      }
    },
    "caco2_wang": {
      "n_molecules": 910,
      "collapsed": false,
      "stats": {
        "MW": {
          "eta2": 0.10274121396253698,
          "p_anova": 2.354365985785194e-20,
          "MI": 0.1088801673346585
        },
        "LogP": {
          "eta2": 0.15081938054409066,
          "p_anova": 5.163291789616064e-31,
          "MI": 0.11485868919911335
        },
        "HBA": {
          "eta2": 0.1510339958003502,
          "p_anova": 4.611716010063571e-31,
          "MI": 0.12417120894495093
        },
        "HBD": {
          "eta2": 0.14026164746295405,
          "p_anova": 1.288540270224917e-28,
          "MI": 0.11068874924918892
        },
        "TPSA": {
          "eta2": 0.2043163287539131,
          "p_anova": 1.136699253024834e-43,
          "MI": 0.19963466354180315
        },
        "RotBonds": {
          "eta2": 0.12120530642125542,
          "p_anova": 2.2701137325987573e-24,
          "MI": 0.1510715142005403
        },
        "Rings": {
          "eta2": 0.07525384757858923,
          "p_anova": 1.4788139316230368e-14,
          "MI": 0.11305698089617376
        },
        "ArRings": {
          "eta2": 0.3246950213570444,
          "p_anova": 1.0441626966014344e-75,
          "MI": 0.24041915215651474
        }
      }
    },
    "lipophilicity_astrazeneca": {
      "n_molecules": 4200,
      "collapsed": false,
      "stats": {
        "MW": {
          "eta2": 0.005822577957680663,
          "p_anova": 1.9585800879826636e-05,
          "MI": 0.015138724309086068
        },
        "LogP": {
          "eta2": 0.05065877524046224,
          "p_anova": 5.009088270468066e-47,
          "MI": 0.029952138675777513
        },
        "HBA": {
          "eta2": 0.016402411596430015,
          "p_anova": 5.727780722953622e-15,
          "MI": 0.013116500873743223
        },
        "HBD": {
          "eta2": 0.0008180188029011513,
          "p_anova": 0.3293942242062363,
          "MI": 0.004552773358197058
        },
        "TPSA": {
          "eta2": 0.023069040576146987,
          "p_anova": 4.302015589271422e-21,
          "MI": 0.02006720458595674
        },
        "RotBonds": {
          "eta2": 0.01916217749585009,
          "p_anova": 1.701353927226233e-17,
          "MI": 0.017341356433495148
        },
        "Rings": {
          "eta2": 0.01687152583870064,
          "p_anova": 2.1344031689797456e-15,
          "MI": 0.01573830368277964
        },
        "ArRings": {
          "eta2": 0.0930081756569572,
          "p_anova": 1.7806414699206748e-88,
          "MI": 0.060246846940975256
        }
      }
    },
    "ld50_zhu": {
      "n_molecules": 7385,
      "collapsed": false,
      "stats": {
        "MW": {
          "eta2": 0.10968117246053515,
          "p_anova": 6.150024838130072e-182,
          "MI": 0.1234727735729671
        },
        "LogP": {
          "eta2": 0.14236517884556013,
          "p_anova": 1.2414821625182102e-241,
          "MI": 0.09856392760541242
        },
        "HBA": {
          "eta2": 0.15228950527802004,
          "p_anova": 3.1991802856323377e-260,
          "MI": 0.13502472611548386
        },
        "HBD": {
          "eta2": 0.028566756278606123,
          "p_anova": 2.0858422374569623e-43,
          "MI": 0.025396088994143674
        },
        "TPSA": {
          "eta2": 0.104514217128492,
          "p_anova": 1.0424003297612533e-172,
          "MI": 0.10558355639763285
        },
        "RotBonds": {
          "eta2": 0.16926708626492792,
          "p_anova": 1.529714012550218e-292,
          "MI": 0.10948819801176304
        },
        "Rings": {
          "eta2": 0.2913514593660499,
          "p_anova": 0.0,
          "MI": 0.23386392844682677
        },
        "ArRings": {
          "eta2": 0.44479293775545475,
          "p_anova": 0.0,
          "MI": 0.3153866812085039
        }
      }
    },
    "ppbr_az": {
      "n_molecules": 1614,
      "collapsed": false,
      "stats": {}
    }
  }
}