{
  "solubility_aqsoldb": {
    "standard": 0.9681723117828369,
    "2d_gain": 1.2049610475810733,
    "2d_p": 0.00019901828419717206,
    "3d_gain": 3.0794253887177034,
    "3d_p": 6.898467173150019e-05,
    "3d_vs_2d": 1.8973263850216187,
    "3d_vs_2d_p": 0.0003731508829582976,
    "metric": "mae"
  },
  "bbb_martins": {
    "standard": 0.810395820304357,
    "2d_gain": 2.8834636934380358,
    "2d_p": 0.5183654906750208,
    "3d_gain": 2.9815352213442012,
    "3d_p": 0.5946713359698893,
    "3d_vs_2d": 0.09532292594501776,
    "3d_vs_2d_p": 0.9394259283295682,
    "metric": "auroc"
  },
  "herg": {
    "standard": 0.6686794305351006,
    "2d_gain": 9.522061522648867,
    "2d_p": 0.07464417231592559,
    "3d_gain": 5.645694148740929,
    "3d_p": 0.5105006827258993,
    "3d_vs_2d": -3.5393484381284375,
    "3d_vs_2d_p": 0.4727434348895633,
    "metric": "auroc"
  },
  "caco2_wang": {
    "standard": 0.3657996356487274,
    "2d_gain": -3.5389437632549385,
    "2d_p": 0.0060659275149535785,
    "3d_gain": 2.706821574806356,
    "3d_p": 0.0013263056345993091,
    "3d_vs_2d": 6.032286124477408,
    "3d_vs_2d_p": 0.0018699317619094973,
    "metric": "mae"
  },
  "ld50_zhu": {
    "standard": 0.6769216855367025,
    "2d_gain": 2.454944711250044,
    "2d_p": 8.257134084714641e-05,
    "3d_gain": -1.3374352491286856,
    "3d_p": 0.0002637155706736898,
    "3d_vs_2d": -3.8878238872822815,
    "3d_vs_2d_p": 0.00016492466054532536,
    "metric": "mae"
  }
}