{
  "ESOL": {
    "mean": 1.0772302627563477,
    "std": 0.04309991471473545,
    "seeds": [
      1.111611247062683,
      1.025498867034912,
      1.0788549184799194,
      1.136588454246521,
      1.0335978269577026
    ]
  },
  "FreeSolv": {
    "mean": 3.386398124694824,
    "std": 0.3925547244230048,
    "seeds": [
      3.7518503665924072,
      2.725250244140625,
      3.1897544860839844,
      3.4912233352661133,
      3.773912191390991
    ]
  },
  "Lipo": {
    "mean": 0.7226057529449463,
    "std": 0.009087383430736177,
    "seeds": [
      0.7147392630577087,
      0.7280566692352295,
      0.7324557900428772,
      0.7288044095039368,
      0.7089726328849792
    ]
  }
}