{
  "Tox21": {
    "metric": "ROC-AUC",
    "n_tasks": 12,
    "mean": 0.7458148484192356,
    "std": 0.004923370460832828,
    "seeds": [
      0.7485143671103766,
      0.7500233094875242,
      0.7389068686598064
    ],
    "best_params": {
      "hidden": 256,
      "num_layers": 4,
      "num_timesteps": 3,
      "dropout": 0.09996988961166513,
      "lr": 0.0009725563428272677,
      "weight_decay": 2.3554740995366844e-05
    },
    "time_min": 72.6
  },
  "SIDER": {
    "metric": "ROC-AUC",
    "n_tasks": 27,
    "mean": 0.5936831829171223,
    "std": 0.0061590423460228284,
    "seeds": [
      0.5942313384719943,
      0.6009374082715946,
      0.5858808020077779
    ],
    "best_params": {
      "hidden": 256,
      "num_layers": 4,
      "num_timesteps": 3,
      "dropout": 0.1157509360766765,
      "lr": 0.0008470990203141914,
      "weight_decay": 3.88369493500111e-05
    },
    "time_min": 13.9
  },
  "ClinTox": {
    "metric": "ROC-AUC",
    "n_tasks": 2,
    "mean": 0.729382037715371,
    "std": 0.1006155296821113,
    "seeds": [
      0.7989320795290944,
      0.5871020356094983,
      0.8021119980075204
    ],
    "best_params": {
      "hidden": 200,
      "num_layers": 3,
      "num_timesteps": 3,
      "dropout": 0.34476830056032104,
      "lr": 0.0022962128792223613,
      "weight_decay": 4.709597562621282e-06
    },
    "time_min": 12.8
  },
  "HIV": {
    "metric": "ROC-AUC",
    "n_tasks": 1,
    "mean": 0.7152259670247512,
    "std": 0.00738229226227957,
    "seeds": [
      0.7249306457324992,
      0.713707059379058,
      0.7070401959626963
    ],
    "best_params": {
      "hidden": 200,
      "num_layers": 2,
      "num_timesteps": 2,
      "dropout": 0.09170225492671691,
      "lr": 0.0004059611610484307,
      "weight_decay": 3.752055855124284e-05
    },
    "time_min": 105.4
  }
}