{
  "Tox21": {
    "mean": 0.7269168170584456,
    "std": 0.005360554274430172,
    "metric": "roc_auc",
    "seeds": [
      0.7175835074057959,
      0.7341858836551133,
      0.7263725244709199,
      0.7281001947152465,
      0.7283419750451521
    ],
    "best_params": {
      "hidden": 128,
      "num_layers": 4,
      "dropout": 0.004653114598268143,
      "lr": 0.0007639730192465686,
      "weight_decay": 5.2065384619173584e-05
    },
    "time_min": 69.2
  },
  "SIDER": {
    "mean": 0.580388254584113,
    "std": 0.009403834586612276,
    "metric": "roc_auc",
    "seeds": [
      0.5829036519802626,
      0.5957904484508953,
      0.5666444816819302,
      0.5775928077370319,
      0.579009883070445
    ],
    "best_params": {
      "hidden": 256,
      "num_layers": 4,
      "dropout": 0.16274796269729994,
      "lr": 0.0009859225162829588,
      "weight_decay": 2.7072919358953087e-06
    },
    "time_min": 9.0
  },
  "ClinTox": {
    "mean": 0.8352507304746111,
    "std": 0.00638854038167937,
    "metric": "roc_auc",
    "seeds": [
      0.8411803922997952,
      0.8385335228618811,
      0.84148366834934,
      0.8275234025234026,
      0.8275326663386364
    ],
    "best_params": {
      "hidden": 256,
      "num_layers": 4,
      "dropout": 0.18805214032385342,
      "lr": 0.0009859225162829588,
      "weight_decay": 2.320680176411018e-06
    },
    "time_min": 11.8
  },
  "HIV": {
    "mean": 0.7401059497107779,
    "std": 0.008552383446791052,
    "metric": "roc_auc",
    "seeds": [
      0.7500081159249204,
      0.7300215440916066,
      0.7364021367016881,
      0.750554834140007,
      0.7335431176956675
    ],
    "best_params": {
      "hidden": 128,
      "num_layers": 4,
      "dropout": 0.0014052587515233231,
      "lr": 0.00030314916068571024,
      "weight_decay": 9.30638816188124e-05
    },
    "time_min": 204.0
  },
  "ToxCast": {
    "mean": 0.6326813237344011,
    "std": 0.004024349483357454,
    "metric": "roc_auc",
    "seeds": [
      0.6365299955815232,
      0.6275382351523967,
      0.6355908301835849,
      0.6280044234075784,
      0.6357431343469222
    ],
    "best_params": {
      "hidden": 128,
      "num_layers": 3,
      "dropout": 0.2704187110650374,
      "lr": 0.00097823294411756,
      "weight_decay": 8.630776283520155e-06
    },
    "time_min": 128.0
  },
  "BBBP": {
    "mean": 0.7494208494208494,
    "std": 0.08347797061288051,
    "metric": "roc_auc",
    "seeds": [
      0.8021235521235521,
      0.8470077220077221,
      0.63996138996139,
      0.7987451737451738,
      0.6592664092664093
    ],
    "best_params": {
      "hidden": 256,
      "num_layers": 4,
      "dropout": 0.16274796269729994,
      "lr": 0.0006945474018853436,
      "weight_decay": 1.5289428930089965e-06
    },
    "time_min": 5.4,
    "split": "stratified_scaffold"
  },
  "BACE": {
    "mean": 0.9544813399941228,
    "std": 0.013357276734201307,
    "metric": "roc_auc",
    "seeds": [
      0.9413752571260652,
      0.9534234498971494,
      0.9734058183955334,
      0.9653247134880987,
      0.9388774610637672
    ],
    "best_params": {
      "hidden": 256,
      "num_layers": 3,
      "dropout": 0.0045002245933067715,
      "lr": 0.00033590346734036153,
      "weight_decay": 1.1160437069903392e-06
    },
    "time_min": 8.4,
    "split": "stratified_scaffold"
  }
}