{
  "ESOL": {
    "metric": "rmse",
    "mean": 1.162674880027771,
    "std": 0.043815193493510846,
    "seeds": [
      1.1911234855651855,
      1.2173748016357422,
      1.1635980606079102,
      1.0870044231414795,
      1.1542736291885376
    ],
    "best_params": {
      "hidden": 128,
      "num_layers": 4,
      "dropout": 0.23253984700833435,
      "lr": 0.0008699593128513321,
      "weight_decay": 6.161049539380962e-05
    },
    "time_min": 12.3,
    "backbone": "true_dmpnn_nnconv_grucell"
  },
  "FreeSolv": {
    "metric": "rmse",
    "mean": 3.088875913619995,
    "std": 0.20206343890776648,
    "seeds": [
      3.3225815296173096,
      2.8192453384399414,
      3.029228448867798,
      2.9513187408447266,
      3.3220055103302
    ],
    "best_params": {
      "hidden": 256,
      "num_layers": 2,
      "dropout": 0.007664848443163036,
      "lr": 0.0005465943503533497,
      "weight_decay": 2.3793537960598506e-05
    },
    "time_min": 9.2,
    "backbone": "true_dmpnn_nnconv_grucell"
  },
  "Lipo": {
    "metric": "rmse",
    "mean": 0.7013599276542664,
    "std": 0.018923824380566192,
    "seeds": [
      0.6965371966362,
      0.7274911999702454,
      0.6695793271064758,
      0.7097276449203491,
      0.7034642696380615
    ],
    "best_params": {
      "hidden": 128,
      "num_layers": 3,
      "dropout": 0.23253984700833435,
      "lr": 0.0008699593128513321,
      "weight_decay": 6.161049539380962e-05
    },
    "time_min": 77.7,
    "backbone": "true_dmpnn_nnconv_grucell"
  }
}