{
  "Tox21": {
    "mean": 0.7458148484192356,
    "std": 0.004923370460832828,
    "metric": "roc_auc",
    "seeds": [
      0.7485143671103766,
      0.7500233094875242,
      0.7389068686598064
    ]
  },
  "SIDER": {
    "mean": 0.5936831829171223,
    "std": 0.0061590423460228284,
    "metric": "roc_auc",
    "seeds": [
      0.5942313384719943,
      0.6009374082715946,
      0.5858808020077779
    ]
  },
  "ClinTox": {
    "mean": 0.729382037715371,
    "std": 0.1006155296821113,
    "metric": "roc_auc",
    "seeds": [
      0.7989320795290944,
      0.5871020356094983,
      0.8021119980075204
    ]
  },
  "HIV": {
    "mean": 0.7152259670247512,
    "std": 0.00738229226227957,
    "metric": "roc_auc",
    "seeds": [
      0.7249306457324992,
      0.713707059379058,
      0.7070401959626963
    ]
  },
  "BBBP": {
    "mean": 0.908,
    "std": 0.05,
    "metric": "roc_auc",
    "seeds": [],
    "source": "Xiong et al. 2020"
  },
  "BACE": {
    "mean": 0.852,
    "std": 0.053,
    "metric": "roc_auc",
    "seeds": [],
    "source": "Xiong et al. 2020"
  },
  "ToxCast": {
    "mean": 0.6745527844456163,
    "std": 0.0029390841396452917,
    "metric": "roc_auc",
    "seeds": [
      0.6752131491990182,
      0.6788820147355653,
      0.6706142311810809,
      0.6720337471704425,
      0.6760207799419743
    ],
    "best_params": {
      "hidden": 256,
      "num_layers": 4,
      "num_timesteps": 3,
      "dropout": 0.06240745617697461,
      "lr": 0.00016998978382700775,
      "weight_decay": 1.306673923805328e-06
    },
    "time_min": 152.5
  },
  "ESOL": {
    "mean": 1.060617208480835,
    "std": 0.02947296435033515,
    "metric": "rmse",
    "seeds": [
      1.0930546522140503,
      1.0395444631576538,
      1.014238953590393,
      1.0845704078674316,
      1.071677565574646
    ],
    "best_params": {
      "hidden": 256,
      "num_layers": 3,
      "num_timesteps": 2,
      "dropout": 0.23842590659490284,
      "lr": 0.0005203830954744919,
      "weight_decay": 3.972638959428938e-06
    },
    "time_min": 15.1
  },
  "FreeSolv": {
    "mean": 2.5728790760040283,
    "std": 0.12717881890243143,
    "metric": "rmse",
    "seeds": [
      2.356806993484497,
      2.6124613285064697,
      2.6772103309631348,
      2.511157751083374,
      2.706758975982666
    ],
    "best_params": {
      "hidden": 200,
      "num_layers": 4,
      "num_timesteps": 3,
      "dropout": 0.22752613128184873,
      "lr": 0.001722304357161089,
      "weight_decay": 5.162428590216523e-05
    },
    "time_min": 8.6
  },
  "Lipo": {
    "mean": 0.684924304485321,
    "std": 0.014996676965790611,
    "metric": "rmse",
    "seeds": [
      0.7038074731826782,
      0.6895905137062073,
      0.673024594783783,
      0.6954807639122009,
      0.6627181768417358
    ],
    "best_params": {
      "hidden": 256,
      "num_layers": 4,
      "num_timesteps": 3,
      "dropout": 0.2221967620657121,
      "lr": 0.0004821942771461863,
      "weight_decay": 3.4922396602967687e-05
    },
    "time_min": 94.5
  }
}