{
  "ToxCast": {
    "mean": 0.6430742939477903,
    "std": 0.005060141607907239,
    "metric": "roc_auc",
    "seeds": [
      0.640340062212626,
      0.6487865742878132,
      0.6495572052827069,
      0.6375901646136857,
      0.6390974633421193
    ],
    "best_params": {
      "hidden": 256,
      "num_layers": 3,
      "dropout": 0.11324828561565531,
      "lr": 0.00034643367972034955,
      "weight_decay": 8.883116653692041e-06,
      "num_experts": 4,
      "top_k": 2
    },
    "time_min": 100.3
  },
  "Tox21": {
    "mean": 0.7313200082130452,
    "std": 0.006742416785010288,
    "metric": "roc_auc",
    "seeds": [
      0.7360274569024309,
      0.7218486045327848,
      0.724482766079895,
      0.7362864628025535,
      0.7379547507475616
    ],
    "best_params": {
      "hidden": 256,
      "num_layers": 4,
      "dropout": 0.06432937684115332,
      "num_experts": 4,
      "top_k": 3,
      "lr": 0.0003825420990146768,
      "weight_decay": 4.524540905246314e-05
    },
    "time_min": 85.8
  },
  "SIDER": {
    "mean": 0.5589704898785606,
    "std": 0.023874457728789242,
    "metric": "roc_auc",
    "seeds": [
      0.5354563561622219,
      0.5379479331252166,
      0.5993472987584626,
      0.571446277911571,
      0.5506545834353305
    ],
    "best_params": {
      "hidden": 256,
      "num_layers": 3,
      "dropout": 0.1226713587258559,
      "num_experts": 16,
      "top_k": 2,
      "lr": 0.00048328995763383207,
      "weight_decay": 3.477434133040671e-05
    },
    "time_min": 13.6
  },
  "ClinTox": {
    "mean": 0.8142579835863417,
    "std": 0.013319069072808967,
    "metric": "roc_auc",
    "seeds": [
      0.8195001792016717,
      0.8195920580248939,
      0.8312914973362734,
      0.7915154083064531,
      0.8093907750624169
    ],
    "best_params": {
      "hidden": 256,
      "num_layers": 3,
      "dropout": 0.09288203974811558,
      "num_experts": 16,
      "top_k": 4,
      "lr": 0.0004197945198190471,
      "weight_decay": 2.7648329744594975e-05
    },
    "time_min": 16.6
  },
  "HIV": {
    "mean": 0.7413199445165859,
    "std": 0.00891908344716227,
    "metric": "roc_auc",
    "seeds": [
      0.7431486837445402,
      0.7303033880297485,
      0.7317590898359108,
      0.7524082162672647,
      0.7489803447054658
    ],
    "best_params": {
      "hidden": 256,
      "num_layers": 4,
      "dropout": 0.06370173320348284,
      "num_experts": 16,
      "top_k": 3,
      "lr": 0.0002703616066662003,
      "weight_decay": 3.823475224675187e-06
    },
    "time_min": 252.5
  },
  "BBBP": {
    "mean": 0.6989382239382239,
    "std": 0.09987497961550176,
    "metric": "roc_auc",
    "seeds": [
      0.5728764478764479,
      0.8416988416988418,
      0.725868725868726,
      0.5999034749034748,
      0.7543436293436294
    ],
    "best_params": {
      "hidden": 256,
      "num_layers": 3,
      "dropout": 0.12311909601399308,
      "lr": 0.0009821566963274012,
      "weight_decay": 6.577877737271098e-05,
      "num_experts": 4,
      "top_k": 4
    },
    "time_min": 5.6,
    "split": "stratified_scaffold"
  },
  "BACE": {
    "mean": 0.9375257126065236,
    "std": 0.03849504141845206,
    "metric": "roc_auc",
    "seeds": [
      0.9330002938583603,
      0.9565089626799883,
      0.9617984131648546,
      0.9714957390537761,
      0.8648251542756391
    ],
    "best_params": {
      "hidden": 256,
      "num_layers": 4,
      "dropout": 0.005070436978019316,
      "lr": 0.00027629302264298915,
      "weight_decay": 2.8386860529245367e-06,
      "num_experts": 4,
      "top_k": 1
    },
    "time_min": 8.0,
    "split": "stratified_scaffold"
  }
}