{
  "cyp2c9_veith": {
    "mean": 0.8748582113978184,
    "std": 0.002309808471751539,
    "seeds": [
      0.8751774705020685,
      0.8775139642322489,
      0.8718831994591376
    ],
    "metric": "AUROC",
    "model": "plain_GCN",
    "time_min": 88.8
  },
  "hia_hou": {
    "mean": 0.9348422496570644,
    "std": 0.01994741327694359,
    "seeds": [
      0.9300411522633745,
      0.9613168724279835,
      0.9131687242798353
    ],
    "metric": "AUROC",
    "best_params": {
      "hidden": 128,
      "num_layers": 4,
      "dropout": 0.29394303300616814,
      "lr": 0.0009337067086699183,
      "weight_decay": 3.4905040489624225e-05
    },
    "time_min": 3.9,
    "model": "plain_GCN"
  },
  "pgp_broccatelli": {
    "mean": 0.8884519683639919,
    "std": 0.008616430099537957,
    "seeds": [
      0.9000266595574513,
      0.8859637430018662,
      0.879365502532658
    ],
    "metric": "AUROC",
    "best_params": {
      "hidden": 128,
      "num_layers": 4,
      "dropout": 0.002347152222225139,
      "lr": 0.0005538738939619971,
      "weight_decay": 7.89511715763575e-05
    },
    "time_min": 8.8,
    "model": "plain_GCN"
  },
  "bioavailability_ma": {
    "mean": 0.5971621771422236,
    "std": 0.0077485787018296325,
    "seeds": [
      0.589956767542401,
      0.6079148653142666,
      0.5936148985700033
    ],
    "metric": "AUROC",
    "best_params": {
      "hidden": 256,
      "num_layers": 4,
      "dropout": 0.07893514622001112,
      "lr": 0.0007526641530224504,
      "weight_decay": 3.2418874204385545e-05
    },
    "time_min": 4.0,
    "model": "plain_GCN"
  },
  "bbb_martins": {
    "mean": 0.8587137794454867,
    "std": 0.0021361959495173337,
    "seeds": [
      0.8597951844903063,
      0.8557301438399,
      0.8606160100062539
    ],
    "metric": "AUROC",
    "best_params": {
      "hidden": 128,
      "num_layers": 4,
      "dropout": 0.220801973350518,
      "lr": 0.0009983402919574618,
      "weight_decay": 1.4657977433966493e-05
    },
    "time_min": 9.2,
    "model": "plain_GCN"
  },
  "cyp2d6_veith": {
    "mean": 0.8533907021300268,
    "std": 0.0018917983027145436,
    "seeds": [
      0.8533014874095303,
      0.8511196277812605,
      0.85575099119929
    ],
    "metric": "AUROC",
    "best_params": {
      "hidden": 128,
      "num_layers": 4,
      "dropout": 0.0031138690527596153,
      "lr": 0.000702263999584059,
      "weight_decay": 1.5176218012577345e-05
    },
    "time_min": 95.1,
    "model": "plain_GCN"
  },
  "cyp3a4_veith": {
    "mean": 0.8739345307707781,
    "std": 0.0035041354814467247,
    "seeds": [
      0.8779013649398434,
      0.8745233924842866,
      0.8693788348882041
    ],
    "metric": "AUROC",
    "best_params": {
      "hidden": 256,
      "num_layers": 4,
      "dropout": 0.0710434623632964,
      "lr": 0.00036504336570189076,
      "weight_decay": 7.306604028787641e-06
    },
    "time_min": 96.4,
    "model": "plain_GCN"
  },
  "cyp2d6_substrate_carbonmangels": {
    "mean": 0.8023255813953488,
    "std": 0.00961618904148453,
    "seeds": [
      0.8148382204246714,
      0.8006825075834175,
      0.7914560161779576
    ],
    "metric": "AUROC",
    "best_params": {
      "hidden": 256,
      "num_layers": 2,
      "dropout": 0.15427033152408348,
      "lr": 0.0003912141628549697,
      "weight_decay": 1.2385137298860933e-06
    },
    "time_min": 2.6,
    "model": "plain_GCN"
  },
  "cyp3a4_substrate_carbonmangels": {
    "mean": 0.5899638336347196,
    "std": 0.014806324725215977,
    "seeds": [
      0.5958408679927667,
      0.6044303797468354,
      0.5696202531645569
    ],
    "metric": "AUROC",
    "best_params": {
      "hidden": 128,
      "num_layers": 3,
      "dropout": 0.043128173881165244,
      "lr": 0.000580426717194219,
      "weight_decay": 2.662322888315543e-06
    },
    "time_min": 3.7,
    "model": "plain_GCN"
  },
  "cyp2c9_substrate_carbonmangels": {
    "mean": 0.6259721468620004,
    "std": 0.02576065923244672,
    "seeds": [
      0.5925122083559414,
      0.6302224633749322,
      0.6551817688551276
    ],
    "metric": "AUROC",
    "best_params": {
      "hidden": 256,
      "num_layers": 2,
      "dropout": 0.12154621457353758,
      "lr": 0.00023672959287625496,
      "weight_decay": 1.8700263322390277e-05
    },
    "time_min": 1.5,
    "model": "plain_GCN"
  },
  "herg": {
    "mean": 0.7358370152184586,
    "std": 0.01916480056396941,
    "seeds": [
      0.7175257731958763,
      0.7276877761413845,
      0.7622974963181149
    ],
    "metric": "AUROC",
    "best_params": {
      "hidden": 128,
      "num_layers": 4,
      "dropout": 0.006192708954642405,
      "lr": 0.00012496378894688272,
      "weight_decay": 5.6551915451763665e-05
    },
    "time_min": 2.5,
    "model": "plain_GCN"
  },
  "ames": {
    "mean": 0.8409997545505045,
    "std": 0.005032049132644956,
    "seeds": [
      0.8390284075495096,
      0.8479072200906872,
      0.8360636360113165
    ],
    "metric": "AUROC",
    "best_params": {
      "hidden": 256,
      "num_layers": 4,
      "dropout": 0.007664848443163036,
      "lr": 0.000276014830632542,
      "weight_decay": 2.4755149110560073e-05
    },
    "time_min": 51.6,
    "model": "plain_GCN"
  },
  "dili": {
    "mean": 0.9494202898550724,
    "std": 0.006941408704248168,
    "seeds": [
      0.9565217391304348,
      0.9517391304347825,
      0.94
    ],
    "metric": "AUROC",
    "best_params": {
      "hidden": 128,
      "num_layers": 3,
      "dropout": 0.11253887750046768,
      "lr": 0.0007270506140946802,
      "weight_decay": 1.523209348055236e-05
    },
    "time_min": 2.6,
    "model": "plain_GCN"
  },
  "caco2_wang": {
    "mean": 0.4605162388239152,
    "std": 0.0777815086832664,
    "seeds": [
      0.4399562956212641,
      0.5643799226362627,
      0.37721249821421865
    ],
    "metric": "mae",
    "best_params": {
      "hidden": 128,
      "num_layers": 4,
      "dropout": 0.008503263215011408,
      "lr": 0.0007030318770528235,
      "weight_decay": 6.243118839088453e-05
    },
    "time_min": 8.3,
    "model": "plain_GCN"
  },
  "lipophilicity_astrazeneca": {
    "mean": 0.5942339509230343,
    "std": 0.007096481710600032,
    "seeds": [
      0.6042171254909287,
      0.5883522804050396,
      0.5901324468731348
    ],
    "metric": "mae",
    "best_params": {
      "hidden": 128,
      "num_layers": 3,
      "dropout": 0.0030531029194738046,
      "lr": 0.0006517936118262072,
      "weight_decay": 1.9665735374933892e-05
    },
    "time_min": 31.4,
    "model": "plain_GCN"
  },
  "solubility_aqsoldb": {
    "mean": 1.047813100951778,
    "std": 0.010043409238222337,
    "seeds": [
      1.061757454028918,
      1.0385018291533574,
      1.0431800196730585
    ],
    "metric": "mae",
    "best_params": {
      "hidden": 256,
      "num_layers": 4,
      "dropout": 0.23535365376329667,
      "lr": 0.0009976414729305902,
      "weight_decay": 1.4760521796069326e-05
    },
    "time_min": 56.3,
    "model": "plain_GCN"
  },
  "ppbr_az": {
    "mean": 9.739646528973992,
    "std": 0.3404609471319572,
    "seeds": [
      10.196449791943586,
      9.643034764278083,
      9.379455030700306
    ],
    "metric": "mae",
    "best_params": {
      "hidden": 256,
      "num_layers": 3,
      "dropout": 0.2735134605298129,
      "lr": 0.0007577061214368326,
      "weight_decay": 1.5176218012577345e-05
    },
    "time_min": 13.2,
    "model": "plain_GCN"
  },
  "vdss_lombardo": {
    "mean": 0.3843671760527516,
    "std": 0.0206523624572289,
    "seeds": [
      0.4018282361081046,
      0.3959125837075759,
      0.3553607083425744
    ],
    "metric": "spearman",
    "best_params": {
      "hidden": 128,
      "num_layers": 4,
      "dropout": 0.2985689986082027,
      "lr": 0.0009503681839950677,
      "weight_decay": 3.730788130011224e-05
    },
    "time_min": 2.9,
    "model": "plain_GCN"
  },
  "half_life_obach": {
    "mean": 0.31234627885728655,
    "std": 0.023901228940955727,