{
  "ESOL": {
    "mean": 1.1052176713943482,
    "std": 0.04835454252343841,
    "metric": "rmse",
    "seeds": [
      1.1782400608062744,
      1.1466439962387085,
      1.0568286180496216,
      1.0799001455307007,
      1.0644755363464355
    ],
    "best_params": {
      "hidden": 128,
      "num_layers": 3,
      "dropout": 0.002312610696244559,
      "num_experts": 16,
      "top_k": 2,
      "lr": 0.0006708353888340035,
      "weight_decay": 1.993107060869664e-05
    },
    "time_min": 10.0
  },
  "FreeSolv": {
    "mean": 3.4324151515960692,
    "std": 0.47771827797921446,
    "metric": "rmse",
    "seeds": [
      3.0526697635650635,
      2.7623562812805176,
      3.4766197204589844,
      3.7932310104370117,
      4.0771989822387695
    ],
    "best_params": {
      "hidden": 256,
      "num_layers": 4,
      "dropout": 0.036268961446184106,
      "num_experts": 16,
      "top_k": 2,
      "lr": 0.0009667611441098189,
      "weight_decay": 1.7172349899960972e-05
    },
    "time_min": 4.2
  },
  "Lipo": {
    "mean": 0.7115642666816712,
    "std": 0.009505508840539937,
    "metric": "rmse",
    "seeds": [
      0.7185922265052795,
      0.6999413967132568,
      0.7091416120529175,
      0.7041919231414795,
      0.7259541749954224
    ],
    "best_params": {
      "hidden": 256,
      "num_layers": 4,
      "dropout": 0.017987224273109698,
      "num_experts": 4,
      "top_k": 3,
      "lr": 0.0007030922274410813,
      "weight_decay": 5.844458487288989e-05
    },
    "time_min": 53.0
  }
}