{
  "BBBP": {
    "mean": 0.761969111969112,
    "std": 0.0305199472716973,
    "metric": "roc_auc",
    "seeds": [
      0.8088803088803089,
      0.7601351351351351,
      0.75,
      0.7157335907335907,
      0.775096525096525
    ],
    "best_params": {
      "hidden": 256,
      "num_layers": 2,
      "dropout": 0.1822634555704315,
      "lr": 0.00014808945119975197,
      "weight_decay": 1.3492834268013243e-06,
      "num_experts": 8,
      "top_k": 4
    },
    "time_min": 5.3,
    "split": "stratified_scaffold"
  },
  "BACE": {
    "mean": 0.8930061710255657,
    "std": 0.05123278720796563,
    "metric": "roc_auc",
    "seeds": [
      0.9473993535116074,
      0.9103732001175433,
      0.9253599764913312,
      0.7997355274757566,
      0.8821627975315898
    ],
    "best_params": {
      "hidden": 256,
      "num_layers": 3,
      "dropout": 0.017926743670838623,
      "lr": 0.0005322694322311865,
      "weight_decay": 1.159532838502065e-05,
      "num_experts": 4,
      "top_k": 3
    },
    "time_min": 7.5,
    "split": "stratified_scaffold"
  },
  "ToxCast": {
    "mean": 0.6473684486842457,
    "std": 0.0065745518495238615,
    "metric": "roc_auc",
    "seeds": [
      0.6425674150667113,
      0.6516284066557683,
      0.6515749847482373,
      0.636860646466938,
      0.654210790483574
    ],
    "best_params": {
      "hidden": 256,
      "num_layers": 3,
      "dropout": 0.20538344737311057,
      "lr": 0.0007889704114558435,
      "weight_decay": 7.13724509295782e-06,
      "num_experts": 4,
      "top_k": 2
    },
    "time_min": 88.9
  },
  "Tox21": {
    "mean": 0.7447386248191441,
    "std": 0.00483626024102615,
    "metric": "roc_auc",
    "seeds": [
      0.7386149366614626,
      0.7461882479067946,
      0.7414767600306503,
      0.7529028290521013,
      0.7445103504447119
    ],
    "best_params": {
      "hidden": 256,
      "num_layers": 4,
      "dropout": 0.24187677739091618,
      "num_experts": 4,
      "top_k": 1,
      "lr": 0.0005068515739319138,
      "weight_decay": 1.5861756353525407e-05
    },
    "time_min": 92.6
  },
  "SIDER": {
    "mean": 0.5687644358381972,
    "std": 0.004795318391767034,
    "metric": "roc_auc",
    "seeds": [
      0.5741940945037394,
      0.5674732195939703,
      0.5668638327808632,
      0.5738789223393225,
      0.5614121099730914
    ],
    "best_params": {
      "hidden": 256,
      "num_layers": 4,
      "dropout": 0.21819802426216933,
      "num_experts": 4,
      "top_k": 2,
      "lr": 0.0005547109960023757,
      "weight_decay": 1.3026960606831949e-05
    },
    "time_min": 12.5
  },
  "ClinTox": {
    "mean": 0.8147230271110868,
    "std": 0.017695603653102698,
    "metric": "roc_auc",
    "seeds": [
      0.8103373547403399,
      0.8235164227701541,
      0.7829407601795662,
      0.8219172756486189,
      0.834903322216755
    ],
    "best_params": {
      "hidden": 256,
      "num_layers": 3,
      "dropout": 0.20696712700490758,
      "num_experts": 4,
      "top_k": 4,
      "lr": 0.000932617373222998,
      "weight_decay": 2.9226089433349646e-05
    },
    "time_min": 15.0
  },
  "HIV": {
    "mean": 0.736363327824342,
    "std": 0.006579623245653518,
    "metric": "roc_auc",
    "seeds": [
      0.7376601050643372,
      0.728098807696848,
      0.7424558788808878,
      0.744182357454846,
      0.7294194900247905
    ],
    "best_params": {
      "hidden": 256,
      "num_layers": 4,
      "dropout": 0.22234595735398435,
      "num_experts": 4,
      "top_k": 4,
      "lr": 0.00015328043991966295,
      "weight_decay": 1.5137131513550676e-05
    },
    "time_min": 320.1
  }
}