{
  "hia_hou": {
    "mean": 0.9446913580246914,
    "std": 0.011999537098671662,
    "seeds": [
      0.9617283950617285,
      0.9497942386831276,
      0.934567901234568,
      0.9493827160493827,
      0.9279835390946503
    ],
    "metric": "AUROC",
    "best_params": {
      "hidden": 256,
      "num_layers": 3,
      "dropout": 0.0020387089871295692,
      "num_experts": 16,
      "top_k": 4,
      "lr": 0.0009139794657052122,
      "weight_decay": 2.1544917355977083e-05
    },
    "time_min": 5.2,
    "model": "MoE-GCN",
    "n_seeds": 5
  },
  "pgp_broccatelli": {
    "mean": 0.8925619834710744,
    "std": 0.008582452330942514,
    "seeds": [
      0.8844308184484138,
      0.8809650759797388,
      0.8963609704078913,
      0.9041588909624101,
      0.8968941615569181
    ],
    "metric": "AUROC",
    "best_params": {
      "hidden": 256,
      "num_layers": 4,
      "dropout": 0.0019800951191642053,
      "num_experts": 4,
      "top_k": 4,
      "lr": 0.00012738483425722043,
      "weight_decay": 2.7454889352582086e-05
    },
    "time_min": 10.5,
    "model": "MoE-GCN",
    "n_seeds": 5
  },
  "bioavailability_ma": {
    "mean": 0.6192883272364483,
    "std": 0.02724000101893332,
    "seeds": [
      0.6684403059527768,
      0.5949451280345859,
      0.6218822746923844,
      0.592949783837712,
      0.6182241436647822
    ],
    "metric": "AUROC",
    "best_params": {
      "hidden": 256,
      "num_layers": 3,
      "dropout": 0.2088353410074963,
      "num_experts": 4,
      "top_k": 4,
      "lr": 0.0008084716496554315,
      "weight_decay": 3.397086000433405e-05
    },
    "time_min": 4.8,
    "model": "MoE-GCN",
    "n_seeds": 5
  },
  "bbb_martins": {
    "mean": 0.8545028142589117,
    "std": 0.011200675884997492,
    "seeds": [
      0.8421278924327704,
      0.872889305816135,
      0.8548702313946217,
      0.8589157285803628,
      0.8437109130706693
    ],
    "metric": "AUROC",
    "best_params": {
      "hidden": 256,
      "num_layers": 4,
      "dropout": 0.20177880108828666,
      "num_experts": 16,
      "top_k": 4,
      "lr": 0.000527210218084376,
      "weight_decay": 1.2653555276472066e-05
    },
    "time_min": 16.0,
    "model": "MoE-GCN",
    "n_seeds": 5
  },
  "cyp2d6_veith": {
    "mean": 0.8328754548933087,
    "std": 0.006348063054710218,
    "seeds": [
      0.8304876212031165,
      0.8242921168109029,
      0.8433538764644104,
      0.8355911781227866,
      0.8306524818653271
    ],
    "metric": "AUROC",
    "best_params": {
      "hidden": 256,
      "num_layers": 3,
      "dropout": 0.20939135932422298,
      "num_experts": 4,
      "top_k": 4,
      "lr": 0.0006243696349059007,
      "weight_decay": 2.6121773592542793e-05
    },
    "time_min": 136.2,
    "model": "MoE-GCN",
    "n_seeds": 5
  },
  "cyp3a4_veith": {
    "mean": 0.8899291630398214,
    "std": 0.0029440332039169215,
    "seeds": [
      0.8895271839838514,
      0.8935075910093399,
      0.8851983328082196,
      0.8925477008026232,
      0.8888650065950732
    ],
    "metric": "AUROC",
    "best_params": {
      "hidden": 256,
      "num_layers": 4,
      "dropout": 0.035517605939019356,
      "num_experts": 4,
      "top_k": 4,
      "lr": 0.0003289019537198907,
      "weight_decay": 5.663163919151934e-06
    },
    "time_min": 124.7,
    "model": "MoE-GCN",
    "n_seeds": 5
  },
  "cyp2c9_veith": {
    "mean": 0.8767050850731615,
    "std": 0.004625657550977912,
    "seeds": [
      0.8785699338409285,
      0.8770407095600663,
      0.8686388294190558,
      0.8763879722486037,
      0.8828879802971525
    ],
    "metric": "AUROC",
    "best_params": {
      "hidden": 256,
      "num_layers": 4,
      "dropout": 0.056898247326063495,
      "num_experts": 4,
      "top_k": 4,
      "lr": 0.0005202751273552376,
      "weight_decay": 1.0805101524096614e-05
    },
    "time_min": 110.7,
    "model": "MoE-GCN",
    "n_seeds": 5
  },
  "cyp2d6_substrate_carbonmangels": {
    "mean": 0.7782608695652173,
    "std": 0.03658527232345446,
    "seeds": [
      0.7123356926188068,
      0.804979777553084,
      0.8120576339737108,
      0.7655460060667341,
      0.7963852376137512
    ],
    "metric": "AUROC",
    "best_params": {
      "hidden": 256,
      "num_layers": 2,
      "dropout": 0.20663218448318568,
      "num_experts": 8,
      "top_k": 2,
      "lr": 0.0009964221558396405,
      "weight_decay": 6.380949865049279e-05
    },
    "time_min": 3.6,
    "model": "MoE-GCN",
    "n_seeds": 5
  },
  "cyp3a4_substrate_carbonmangels": {
    "mean": 0.5580018083182641,
    "std": 0.022929215319599235,
    "seeds": [
      0.5384267631103073,
      0.5637432188065099,
      0.5856690777576854,
      0.5770795660036168,
      0.5250904159132007
    ],
    "metric": "AUROC",
    "best_params": {
      "hidden": 128,
      "num_layers": 2,
      "dropout": 0.13559876217618033,
      "num_experts": 4,
      "top_k": 2,
      "lr": 0.0009983584510624866,
      "weight_decay": 6.177718082109877e-06
    },
    "time_min": 4.3,
    "model": "MoE-GCN",
    "n_seeds": 5
  },
  "cyp2c9_substrate_carbonmangels": {
    "mean": 0.6245252306022789,
    "std": 0.009430832412118043,
    "seeds": [
      0.6204557786218122,
      0.6104177970699947,
      0.6242539338035812,
      0.6283233857840478,
      0.6391752577319588
    ],
    "metric": "AUROC",
    "best_params": {
      "hidden": 256,
      "num_layers": 4,
      "dropout": 0.06370173320348284,
      "num_experts": 16,
      "top_k": 3,
      "lr": 0.0002703616066662003,
      "weight_decay": 3.823475224675187e-06
    },
    "time_min": 4.0,
    "model": "MoE-GCN",
    "n_seeds": 5
  },
  "herg": {
    "mean": 0.681620029455081,
    "std": 0.018048635434152957,
    "seeds": [
      0.6705449189985272,
      0.6528718703976436,
      0.6849779086892489,
      0.6985272459499263,
      0.7011782032400589
    ],
    "metric": "AUROC",
    "best_params": {
      "hidden": 256,
      "num_layers": 2,
      "dropout": 0.22243690930795407,
      "num_experts": 8,
      "top_k": 4,
      "lr": 0.00015572555185544354,
      "weight_decay": 2.0065771485986682e-05
    },
    "time_min": 2.9,
    "model": "MoE-GCN",
    "n_seeds": 5
  },
  "ames": {
    "mean": 0.8408266480641787,
    "std": 0.004945946935099334,
    "seeds": [
      0.8417218928031625,
      0.8396426772080765,
      0.8320098438166105,
      0.8460566600782855,
      0.8447021664147579
    ],
    "metric": "AUROC",
    "best_params": {
      "hidden": 256,
      "num_layers": 4,
      "dropout": 0.1905065615992771,
      "num_experts": 16,
      "top_k": 2,
      "lr": 0.0003155072771378977,
      "weight_decay": 3.7627317533893375e-05
    },
    "time_min": 72.0,
    "model": "MoE-GCN",
    "n_seeds": 5
  },
  "dili": {
    "mean": 0.9137391304347826,
    "std": 0.009654132194609878,
    "seeds": [
      0.9047826086956522,
      0.9043478260869564,
      0.9156521739130435,
      0.9308695652173914,
      0.9130434782608695
    ],
    "metric": "AUROC",
    "best_params": {
      "hidden": 128,
      "num_layers": 2,
      "dropout": 0.03127034341228275,
      "num_experts": 16,
      "top_k": 3,
      "lr": 0.0008346429691782662,
      "weight_decay": 1.0145332786281378e-05
    },
    "time_min": 3.2,
    "model": "MoE-GCN",
    "n_seeds": 5
  },
  "caco2_wang": {
    "mean": 0.3660479032076322,
    "std": 0.016179515450839847,
    "seeds": [
      0.37904402187892366,
      0.3699133736746652,
      0.34738823083730846,
      0.3472588429084191,
      0.38663504673884463
    ],
    "metric": "mae",
    "best_params": {
      "hidden": 256,
      "num_layers": 3,
      "dropout": 0.031332699329974706,
      "num_experts": 16,
      "top_k": 4,
      "lr": 0.0005993929127297709,
      "weight_decay": 2.0065771485986682e-05
    },
    "time_min": 8.7,
    "model": "MoE-GCN",
    "n_seeds": 5
  },
  "lipophilicity_astrazeneca": {
    "mean": 0.542255837730509,
    "std": 0.0068210394650451275,