{
  "ESOL": {
    "mean": 1.324422554283142,
    "std": 0.17209789562889208,
    "metric": "rmse",
    "seeds": [
      1.4996,
      1.4602,
      1.4316,
      1.1098135709762573,
      1.1208992004394531
    ],
    "best_params": {
      "hidden": 128,
      "num_layers": 2,
      "dropout": 0.28466566117599995,
      "lr": 0.0009239150319627245,
      "weight_decay": 4.138040112561016e-05
    },
    "time_min": 14.8
  },
  "FreeSolv": {
    "mean": 5.103385047149658,
    "std": 1.5553791353905078,
    "metric": "rmse",
    "seeds": [
      6.8008,
      5.7178,
      6.4899,
      3.0592806339263916,
      3.4491446018218994
    ],
    "best_params": {
      "hidden": 256,
      "num_layers": 3,
      "dropout": 0.1576145845201955,
      "lr": 0.0005766759829490925,
      "weight_decay": 1.8408446202037763e-06
    },
    "time_min": 2.9
  },
  "Lipo": {
    "mean": 0.723351263999939,
    "std": 0.008503268195655422,
    "metric": "rmse",
    "seeds": [
      0.7321758270263672,
      0.7277426719665527,
      0.7137009501457214,
      0.7306482195854187,
      0.7124886512756348
    ],
    "best_params": {
      "hidden": 128,
      "num_layers": 4,
      "dropout": 0.002347152222225139,
      "lr": 0.0005538738939619971,
      "weight_decay": 7.89511715763575e-05
    },
    "time_min": 39.4
  }
}