{
  "ESOL": {
    "mean": 1.0665009021759033,
    "std": 0.032850806652357775,
    "metric": "rmse",
    "seeds": [
      1.0470614433288574,
      1.0537056922912598,
      1.1278952360153198,
      1.070085048675537,
      1.0337570905685425
    ],
    "best_params": {
      "hidden": 256,
      "num_layers": 3,
      "dropout": 0.015134005432611765,
      "num_experts": 16,
      "top_k": 4,
      "lr": 0.00022851584015682528,
      "weight_decay": 2.734336990473169e-05
    },
    "time_min": 9.2
  },
  "FreeSolv": {
    "mean": 3.5906262397766113,
    "std": 0.3792621758874276,
    "metric": "rmse",
    "seeds": [
      3.6314585208892822,
      3.0789647102355957,
      3.4352076053619385,
      3.5606131553649902,
      4.24688720703125
    ],
    "best_params": {
      "hidden": 256,
      "num_layers": 3,
      "dropout": 0.08609874364024933,
      "num_experts": 16,
      "top_k": 2,
      "lr": 0.0006402408365393268,
      "weight_decay": 1.3874219841349108e-05
    },
    "time_min": 3.8
  },
  "Lipo": {
    "mean": 0.7219320297241211,
    "std": 0.006082417838700089,
    "metric": "rmse",
    "seeds": [
      0.7145588397979736,
      0.7319953441619873,
      0.7249937057495117,
      0.720365583896637,
      0.7177466750144958
    ],
    "best_params": {
      "hidden": 256,
      "num_layers": 4,
      "dropout": 0.0012719648282592778,
      "num_experts": 16,
      "top_k": 2,
      "lr": 0.0001376070934181782,
      "weight_decay": 3.1781654489576426e-05
    },
    "time_min": 86.5
  }
}