{
  "part_A": {
    "caco2_wang": {
      "moe_eta2": {
        "MW": 0.11306168188384431,
        "LogP": 0.120793197001089,
        "HBA": 0.12453953624462935,
        "HBD": 0.12660243714954572,
        "TPSA": 0.15440708164501732,
        "RotBonds": 0.16490735130266246,
        "Rings": 0.12046469715194488,
        "ArRings": 0.2729567303795726
      },
      "gcn_eta2": {
        "MW": 0.08411302483963319,
        "LogP": 0.2267243852691668,
        "HBA": 0.052079193938874446,
        "HBD": 0.07804289545529557,
        "TPSA": 0.09933363621870904,
        "RotBonds": 0.2030442379017948,
        "Rings": 0.12138436294650774,
        "ArRings": 0.5396702382082678
      },
      "n_experts": 5,
      "moe_gain_pct": 20.521,
      "delta_logp": -0.1059311882680778,
      "delta_arrings": -0.2667135078286952
    },
    "solubility_aqsoldb": {
      "moe_eta2": {
        "MW": 0.040051251363367776,
        "LogP": 0.1019120107920164,
        "HBA": 0.008624651232878753,
        "HBD": 0.012467873497488981,
        "TPSA": 0.005842919408235316,
        "RotBonds": 0.029934208188020985,
        "Rings": 0.08477407833311831,
        "ArRings": 0.07683090489450131
      },
      "gcn_eta2": {
        "MW": 0.09913105229381307,
        "LogP": 0.22719868267200705,
        "HBA": 0.07525246301273926,
        "HBD": 0.024929398972721905,
        "TPSA": 0.061934576203490375,
        "RotBonds": 0.07367829745126965,
        "Rings": 0.22725636058080112,
        "ArRings": 0.31665028943040935
      },
      "n_experts": 4,
      "moe_gain_pct": 8.761,
      "delta_logp": -0.12528667187999065,
      "delta_arrings": -0.23981938453590804
    },
    "lipophilicity_astrazeneca": {
      "moe_eta2": {
        "MW": 0.04733200075174395,
        "LogP": 0.045612202988400755,
        "HBA": 0.05434734967203869,
        "HBD": 0.006611878795689479,
        "TPSA": 0.02612744801338308,
        "RotBonds": 0.04817451640652267,
        "Rings": 0.027348581760907438,
        "ArRings": 0.03517039069878887
      },
      "gcn_eta2": {
        "MW": 0.06102634275342441,
        "LogP": 0.04409364948977448,
        "HBA": 0.22719490330991077,
        "HBD": 0.08255267446043803,
        "TPSA": 0.10399173771418731,
        "RotBonds": 0.07123918239535042,
        "Rings": 0.05433693567616343,
        "ArRings": 0.2513606717584198
      },
      "n_experts": 4,
      "moe_gain_pct": 8.785,
      "delta_logp": 0.001518553498626278,
      "delta_arrings": -0.21619028105963095
    },
    "ld50_zhu": {
      "moe_eta2": {
        "MW": 0.12577810792774025,
        "LogP": 0.12900183346509791,
        "HBA": 0.08189871972633775,
        "HBD": 0.04258135616964341,
        "TPSA": 0.08655481695052028,
        "RotBonds": 0.07209593539049816,
        "Rings": 0.27273606768863334,
        "ArRings": 0.4159620339212481
      },
      "gcn_eta2": {
        "MW": 0.07165922955244007,
        "LogP": 0.1534798512837242,
        "HBA": 0.14816418864970712,
        "HBD": 0.028268886503932392,
        "TPSA": 0.053486003872976993,
        "RotBonds": 0.13712599406048023,
        "Rings": 0.264843023002663,
        "ArRings": 0.472612208532693
      },
      "n_experts": 6,
      "moe_gain_pct": 4.707,
      "delta_logp": -0.024478017818626296,
      "delta_arrings": -0.05665017461144489
    },
    "ppbr_az": null,
    "half_life_obach": {
      "moe_eta2": {
        "MW": 0.07187727002573853,
        "LogP": 0.06604341676386302,
        "HBA": 0.053175586837393,
        "HBD": 0.06363295723402498,
        "TPSA": 0.05772352869665513,
        "RotBonds": 0.05201641935027147,
        "Rings": 0.07113831482226746,
        "ArRings": 0.10012862985851483
      },
      "gcn_eta2": {
        "MW": 0.000414814941363097,
        "LogP": 0.07984244981561152,
        "HBA": 0.013681505351177571,
        "HBD": 0.003996736656218966,
        "TPSA": 0.007950357446275631,
        "RotBonds": 0.005766736893925778,
        "Rings": 0.001384799711187345,
        "ArRings": 0.15685336758653767
      },
      "n_experts": 3,
      "moe_gain_pct": -36.62,
      "delta_logp": -0.013799033051748497,
      "delta_arrings": -0.05672473772802285
    }
  },
  "part_B": {
    "caco2_wang": {
      "obs_logp": 0.1566711956820696,
      "obs_arrings": 0.3386354082063384,
      "p_logp": 0.0,
      "p_arrings": 0.0,
      "pct_logp": 100.0,
      "pct_arrings": 100.0,
      "sig_logp": "***",
      "sig_arrings": "***",
      "n_perm": 1000,
      "n_experts_active": 5
    },
    "solubility_aqsoldb": {
      "obs_logp": 0.10259276361029979,
      "obs_arrings": 0.03976430851514367,
      "p_logp": 0.0,
      "p_arrings": 0.0,
      "pct_logp": 100.0,
      "pct_arrings": 100.0,
      "sig_logp": "***",
      "sig_arrings": "***",
      "n_perm": 1000,
      "n_experts_active": 4
    },
    "lipophilicity_astrazeneca": {
      "obs_logp": 0.07261836076113605,
      "obs_arrings": 0.027498069403736072,
      "p_logp": 0.0,
      "p_arrings": 0.0,
      "pct_logp": 100.0,
      "pct_arrings": 100.0,
      "sig_logp": "***",
      "sig_arrings": "***",
      "n_perm": 1000,
      "n_experts_active": 4
    },
    "ld50_zhu": {
      "obs_logp": 0.15283663443304785,
      "obs_arrings": 0.40025548931514043,
      "p_logp": 0.0,
      "p_arrings": 0.0,
      "pct_logp": 100.0,
      "pct_arrings": 100.0,
      "sig_logp": "***",
      "sig_arrings": "***",
      "n_perm": 1000,
      "n_experts_active": 6
    },
    "half_life_obach": {
      "obs_logp": 0.028626326848766218,
      "obs_arrings": 0.009386703237477206,
      "p_logp": 0.011,
      "p_arrings": 0.045,
      "pct_logp": 98.9,
      "pct_arrings": 95.5,
      "sig_logp": "*",
      "sig_arrings": "*",
      "n_perm": 1000,
      "n_experts_active": 3
    }
  }
}