{
  "B1": {
    "pearson_r": -0.12477445604647242,
    "pearson_p": 0.5899630440263612,
    "spearman_r": -0.17142857142857143,
    "spearman_p": 0.45747702762159437,
    "ci_low": -0.4979601342917943,
    "ci_high": 0.41854411965394894,
    "n_datasets": 21,
    "interpretation": "WEAK \u2014 entropy does NOT predict performance gain",
    "entropies": [
      1.2947813272476196,
      1.0480971336364746,
      1.1429294347763062,
      1.2816832065582275,
      0.9763138294219971,
      1.1341713666915894,
      0.9929087162017822,
      0.6567443013191223,
      0.6677695512771606,
      1.0720270872116089,
      1.3581767082214355,
      0.6163608431816101,
      1.066042184829712,
      1.3282252550125122,
      0.9741783142089844,
      0.011121634393930435,
      0.6403534412384033,
      1.2261672019958496,
      0.3553540110588074,
      0.5277917981147766,
      0.6130940318107605
    ],
    "perf_gains": [
      0.01159207630227441,
      0.006516466204895957,
      0.040950436235381714,
      0.00495994416459321,
      0.007183658399186221,
      0.018197911369079785,
      -0.018414721983282662,
      -0.020573408947700118,
      -0.018007662835248846,
      -0.034729846865068,
      -0.03625325238508238,
      -0.0038094682182054688,
      -0.0515951763089605,
      0.2205554943636358,
      0.07123250217031743,
      0.022673894585347364,
      0.04195070171504044,
      -0.376663975610282,
      0.10302596049599194,
      -0.07821623983468792,
      0.04802998468470267
    ],
    "dataset_keys": [
      "hia_hou",
      "pgp_broccatelli",
      "bioavailability_ma",
      "bbb_martins",
      "cyp2c9_veith",
      "cyp3a4_veith",
      "cyp2d6_veith",
      "cyp2d6_substrate_carbonmangels",
      "cyp3a4_substrate_carbonmangels",
      "cyp2c9_substrate_carbonmangels",
      "herg",
      "ames",
      "dili",
      "caco2_wang",
      "solubility_aqsoldb",
      "ppbr_az",
      "vdss_lombardo",
      "half_life_obach",
      "clearance_microsome_az",
      "clearance_hepatocyte_az",
      "ld50_zhu"
    ]
  },
  "B2": {
    "mean_seed_corr": 0.43182886432285955,
    "n_invariant": 2,
    "n_total": 25,
    "invariant_datasets": [
      "ppbr_az",
      "clearance_microsome_az"
    ],
    "variable_datasets": [
      "ESOL",
      "FreeSolv",
      "Lipo",
      "hia_hou",
      "pgp_broccatelli",
      "bioavailability_ma",
      "bbb_martins",
      "cyp2c9_veith",
      "cyp3a4_veith",
      "cyp2d6_veith",
      "cyp2d6_substrate_carbonmangels",
      "cyp3a4_substrate_carbonmangels",
      "cyp2c9_substrate_carbonmangels",
      "herg",
      "ames",
      "dili",
      "caco2_wang",
      "solubility_aqsoldb",
      "vdss_lombardo",
      "half_life_obach",
      "clearance_hepatocyte_az",
      "ld50_zhu"
    ],
    "corr_values": [
      0.6767572470050658,
      0.4179019806113738,
      0.09311943771096286,
      0.44375290700410536,
      0.49506409418906416,
      0.45858667867841485,
      0.538116903194094,
      0.4589402155380715,
      0.4582224808890176,
      0.5071981278964428,
      0.18879878533171957,
      0.18160916222580512,
      0.31473281326258834,
      0.38612219001102865,
      0.21803701952302923,
      0.40874506314420633,
      0.4435688651290328,
      0.5179950293754583,
      0.7355200809977424,
      0.08262287054870851,
      0.6730598242038031,
      0.7400868149007062,
      0.6382453030992608,
      0.2870888492789276
    ],
    "conclusion": "VARIABLE \u2014 entropy reflects model initialization"
  },
  "B3": {
    "partial_r_size_task": -0.08679706799027657,
    "partial_p_size_task": 0.708325681569764,
    "partial_r_topk": -0.12477445604647242,
    "partial_p_topk": 0.5899630440263612,
    "partial_r_all": -0.08679706799027649,
    "partial_p_all": 0.708325681569764,
    "topk_vs_gain_r": NaN,
    "topk_vs_gain_p": NaN,
    "entropy_vs_topk_r": NaN,
    "entropy_vs_topk_p": NaN
  }
}